{
   "5001": [
      {
         "client_url": "5001",
         "round": 0,
         "train": {
            "epoch": [
               0,
               1
            ],
            "train_loss": [
               5.73465,
               2.70489
            ],
            "train_acc": [
               0.58646,
               0.41667
            ]
         },
         "test": {
            "test_loss": 7.76902,
            "test_acc": 0.47073
         }
      }
   ],
   "5002": [
      {
         "client_url": "5002",
         "round": 0,
         "train": {
            "epoch": [
               0,
               1,
               2
            ],
            "train_loss": [
               6.93113,
               6.85496,
               2.06691
            ],
            "train_acc": [
               0.54688,
               0.42188,
               0.51389
            ]
         },
         "test": {
            "test_loss": 1.21205,
            "test_acc": 0.5142
         }
      }
   ]
}
