{
   "5002": [
      {
         "client_url": "5002",
         "round": 0,
         "train": {
            "epoch": [
               0,
               1,
               2
            ],
            "train_loss": [
               0.64458,
               0.68192,
               0.70543
            ],
            "train_acc": [
               0.6978,
               0.70696,
               0.63004
            ]
         },
         "test": {
            "test_loss": 0.59123,
            "test_acc": 0.73413
         }
      },
      {
         "client_url": "5002",
         "round": 1,
         "train": {
            "epoch": [
               0,
               1,
               2
            ],
            "train_loss": [
               0.61598,
               0.66109,
               0.67528
            ],
            "train_acc": [
               0.6978,
               0.67399,
               0.67399
            ]
         },
         "test": {
            "test_loss": 0.9369,
            "test_acc": 0.73413
         }
      },
      {
         "client_url": "5002",
         "round": 2,
         "train": {
            "epoch": [
               0,
               1,
               2
            ],
            "train_loss": [
               0.69682,
               0.70042,
               0.62738
            ],
            "train_acc": [
               0.64286,
               0.63919,
               0.71062
            ]
         },
         "test": {
            "test_loss": 0.69359,
            "test_acc": 0.73413
         }
      }
   ],
   "5003": [
      {
         "client_url": "5003",
         "round": 0,
         "train": {
            "epoch": [
               0,
               1,
               2
            ],
            "train_loss": [
               0.71731,
               0.70354,
               0.69045
            ],
            "train_acc": [
               0.28125,
               0.28125,
               0.58854
            ]
         },
         "test": {
            "test_loss": 0.68358,
            "test_acc": 0.73125
         }
      },
      {
         "client_url": "5003",
         "round": 1,
         "train": {
            "epoch": [
               0,
               1,
               2
            ],
            "train_loss": [
               0.69476,
               0.68174,
               0.67121
            ],
            "train_acc": [
               0.43576,
               0.71875,
               0.71875
            ]
         },
         "test": {
            "test_loss": 0.66437,
            "test_acc": 0.73125
         }
      },
      {
         "client_url": "5003",
         "round": 2,
         "train": {
            "epoch": [
               0,
               1,
               2
            ],
            "train_loss": [
               0.7154,
               0.69887,
               0.68597
            ],
            "train_acc": [
               0.25521,
               0.31076,
               0.71875
            ]
         },
         "test": {
            "test_loss": 0.6796,
            "test_acc": 0.73125
         }
      }
   ]
}
