{
   "5001": [
      {
         "client_url": "5001",
         "round": 0,
         "train": {
            "epoch": [
               0,
               1,
               2,
               3,
               4
            ],
            "train_loss": [
               1.06521,
               1.05,
               1.02768,
               0.96623,
               0.94752
            ],
            "train_acc": [
               0.52302,
               0.51187,
               0.51799,
               0.52038,
               0.52051
            ],
            "train_sensitivity": [
               0.52302,
               0.51187,
               0.51799,
               0.52038,
               0.52051
            ],
            "train_specificity": [
               0.52302,
               0.51187,
               0.51799,
               0.52038,
               0.52051
            ],
            "train_f1_score": [
               0.52302,
               0.51187,
               0.51799,
               0.52038,
               0.52051
            ]

         },
         "test": {
            "test_loss": 0.94698,
            "test_acc": 0.46975,
            "test_sensitivity": 0.85574,
            "test_specificity": 0.85574,
            "test_f1_score": 0.85574
         }
      },
      {
         "client_url": "5001",
         "round": 1,
         "train": {
            "epoch": [
               0,
               1,
               2,
               3,
               4
            ],
            "train_loss": [
               0.66399,
               0.64051,
               0.63905,
               0.63243,
               0.6241
            ],
            "train_acc": [
               0.61612,
               0.63261,
               0.63708,
               0.6465,
               0.67619
            ],
            "train_sensitivity": [
               0.52302,
               0.51187,
               0.51799,
               0.52038,
               0.52051
            ],
            "train_specificity": [
               0.52302,
               0.51187,
               0.51799,
               0.52038,
               0.52051
            ],
            "train_f1_score": [
               0.52302,
               0.51187,
               0.51799,
               0.52038,
               0.52051
            ]
         },
         "test": {
            "test_loss": 0.60762,
            "test_acc": 0.54597,
            "test_sensitivity": 0.85574,
            "test_specificity": 0.85574,
            "test_f1_score": 0.85574
         }
      },
      {
         "client_url": "5001",
         "round": 2,
         "train": {
            "epoch": [
               0,
               1,
               2,
               3,
               4
            ],
            "train_loss": [
               0.53847,
               0.52527,
               0.52833,
               0.52504,
               0.52312
            ],
            "train_acc": [
               0.79202,
               0.80153,
               0.80578,
               0.81125,
               0.81281
            ],
            "train_sensitivity": [
               0.52302,
               0.51187,
               0.51799,
               0.52038,
               0.52051
            ],
            "train_specificity": [
               0.52302,
               0.51187,
               0.51799,
               0.52038,
               0.52051
            ],
            "train_f1_score": [
               0.52302,
               0.51187,
               0.51799,
               0.52038,
               0.52051
            ]
         },
         "test": {
            "test_loss": 0.50064,
            "test_acc": 0.86156,
            "test_sensitivity": 0.85574,
            "test_specificity": 0.85574,
            "test_f1_score": 0.85574
         }
      },
      {
         "client_url": "5001",
         "round": 3,
         "train": {
            "epoch": [
               0,
               1,
               2,
               3,
               4
            ],
            "train_loss": [
               0.50296,
               0.4982,
               0.50634,
               0.49436,
               0.48276
            ],
            "train_acc": [
               0.83104,
               0.83026,
               0.82774,
               0.8339,
               0.82943
            ]
            ,
            "train_sensitivity": [
               0.52302,
               0.51187,
               0.51799,
               0.52038,
               0.52051
            ],
            "train_specificity": [
               0.52302,
               0.51187,
               0.51799,
               0.52038,
               0.52051
            ],
            "train_f1_score": [
               0.52302,
               0.51187,
               0.51799,
               0.52038,
               0.52051
            ]
         },
         "test": {
            "test_loss": 0.46314,
            "test_acc": 0.86346,
            "test_sensitivity": 0.85574,
            "test_specificity": 0.85574,
            "test_f1_score": 0.85574
         }
      },
      {
         "client_url": "5001",
         "round": 4,
         "train": {
            "epoch": [
               0,
               1,
               2,
               3,
               4
            ],
            "train_loss": [
               0.50008,
               0.49045,
               0.48569,
               0.49327,
               0.48019
            ],
            "train_acc": [
               0.83299,
               0.83373,
               0.83382,
               0.83373,
               0.83369
            ]
            ,
            "train_sensitivity": [
               0.52302,
               0.51187,
               0.51799,
               0.52038,
               0.52051
            ],
            "train_specificity": [
               0.52302,
               0.51187,
               0.51799,
               0.52038,
               0.52051
            ],
            "train_f1_score": [
               0.52302,
               0.51187,
               0.51799,
               0.52038,
               0.52051
            ]
         },
         "test": {
            "test_loss": 0.45676,
            "test_acc": 0.85774,
            "test_sensitivity": 0.85574,
            "test_specificity": 0.85574,
            "test_f1_score": 0.85574
         }
      }
   ],
   "5002": [
      {
         "client_url": "5002",
         "round": 0,
         "train": {
            "epoch": [
               0,
               1,
               2,
               3,
               4
            ],
            "train_loss": [
               0.90929,
               0.90604,
               0.83154,
               0.85967,
               0.79866
            ],
            "train_acc": [
               0.50132,
               0.50111,
               0.51079,
               0.51352,
               0.51942
            ]
            ,
            "train_sensitivity": [
               0.52302,
               0.51187,
               0.51799,
               0.52038,
               0.52051
            ],
            "train_specificity": [
               0.52302,
               0.51187,
               0.51799,
               0.52038,
               0.52051
            ],
            "train_f1_score": [
               0.52302,
               0.51187,
               0.51799,
               0.52038,
               0.52051
            ]
         },
         "test": {
            "test_loss": 0.76549,
            "test_acc": 0.51263,
            "test_sensitivity": 0.85574,
            "test_specificity": 0.85574,
            "test_f1_score": 0.85574
         }
      },
      {
         "client_url": "5002",
         "round": 1,
         "train": {
            "epoch": [
               0,
               1,
               2,
               3,
               4
            ],