{
   "5003": [
      {
         "client_url": "5003",
         "round": 0,
         "train": {
            "epoch": [
               0,
               1,
               2,
               3,
               4
            ],
            "train_loss": [
               3.42861,
               2.69218,
               1.77162,
               0.93082,
               0.6488
            ],
            "train_acc": [
               0.46875,
               0.5,
               0.47656,
               0.55469,
               0.49219
            ]
         },
         "test": {
            "test_loss": 0.74536,
            "test_acc": 0.48438
         }
      },
      {
         "client_url": "5003",
         "round": 0,
         "train": {
            "epoch": [
               0,
               1,
               2,
               3,
               4
            ],
            "train_loss": [
               2.86726,
               1.97631,
               1.64149,
               0.85131,
               0.75069
            ],
            "train_acc": [
               0.5,
               0.5,
               0.40625,
               0.53906,
               0.60156
            ]
         },
         "test": {
            "test_loss": 8.61379,
            "test_acc": 0.40625
         }
      },
      {
         "client_url": "5003",
         "round": 1,
         "train": {
            "epoch": [
               0,
               1,
               2,
               3,
               4
            ],
            "train_loss": [
               1.38727,
               0.82627,
               0.91017,
               2.58537,
               2.13971
            ],
            "train_acc": [
               0.57812,
               0.44531,
               0.55469,
               0.50781,
               0.51562
            ]
         },
         "test": {
            "test_loss": 0.69672,
            "test_acc": 0.51562
         }
      },
      {
         "client_url": "5003",
         "round": 1,
         "train": {
            "epoch": [
               0,
               1,
               2,
               3,
               4
            ],
            "train_loss": [
               2.93729,
               1.83036,
               1.41146,
               0.98617,
               1.0974
            ],
            "train_acc": [
               0.49219,
               0.50781,
               0.51562,
               0.50781,
               0.46875
            ]
         },
         "test": {
            "test_loss": 0.70674,
            "test_acc": 0.51562
         }
      },
      {
         "client_url": "5003",
         "round": 2,
         "train": {
            "epoch": [
               0,
               1,
               2,
               3,
               4
            ],
            "train_loss": [
               1.11907,
               2.10959,
               1.77268,
               0.96171,
               0.87131
            ],
            "train_acc": [
               0.52344,
               0.46875,
               0.44531,
               0.54688,
               0.45312
            ]
         },
         "test": {
            "test_loss": 0.87387,
            "test_acc": 0.48438
         }
      },
      {
         "client_url": "5003",
         "round": 2,
         "train": {
            "epoch": [
               0,
               1,
               2,
               3,
               4
            ],
            "train_loss": [
               1.01808,
               0.70351,
               0.74206,
               0.67528,
               0.63509
            ],
            "train_acc": [
               0.48438,
               0.53125,
               0.49219,
               0.59375,
               0.625
            ]
         },
         "test": {
            "test_loss": 0.72796,
            "test_acc": 0.51562
         }
      },
      {
         "client_url": "5003",
         "round": 3,
         "train": {
            "epoch": [
               0,
               1,
               2,
               3,
               4
            ],
            "train_loss": [
               0.76751,
               0.66972,
               0.64695,
               0.67547,
               0.67378
            ],
            "train_acc": [
               0.54688,
               0.59375,
               0.57812,
               0.59375,
               0.53906
            ]
         },
         "test": {
            "test_loss": 0.69957,
            "test_acc": 0.51562
         }
      },
      {
         "client_url": "5003",
         "round": 3,
         "train": {
            "epoch": [
               0,
               1,
               2,
               3,
               4
            ],
            "train_loss": [
               1.05226,
               0.82297,
               0.67468,
               0.64246,
               0.69831
            ],
            "train_acc": [
               0.5,
               0.5,
               0.57812,
               0.64844,
               0.54688
            ]
         },
         "test": {
            "test_loss": 0.78521,
            "test_acc": 0.51562
         }
      },
      {
         "client_url": "5003",
         "round": 4,
         "train": {
            "epoch": [
               0,
               1,
               2,
               3,
               4
            ],
            "train_loss": [
               0.66578,
               0.64942,
               0.62158,
               0.60604,
               0.64175
            ],
            "train_acc": [
               0.57812,
               0.54688,
               0.5625,
               0.66406,
               0.61719
            ]
         },
         "test": {
            "test_loss": 0.74028,
            "test_acc": 0.51562
         }
      }
   ],
   "5002": [
      {
         "client_url": "5002",
         "round": 0,
         "train": {
            "epoch": [
               0,
               1,
               2
            ],
            "train_loss": [
               16.51808,
               5.07444,
               2.31472
            ],
            "train_acc": [
               0.55469,
               0.53906,
               0.49219
            ]
         },
         "test": {
            "test_loss": 168.28451,
            "test_acc": 0.53125
         }
      },
      {
         "client_url": "5002",
         "round": 0,
         "train": {
            "epoch": [
               0,
               1,
               2
            ],
            "train_loss": [
               8.69014,
               11.17385,
               10.72069
            ],
            "train_acc": [
               0.52344,
               0.52344,
               0.46094
            ]
         },
         "test": {
            "test_loss": 70056.14062,
            "test_acc": 0.53125
         }
      },
      {
         "client_url": "5002",
         "round": 1,
         "train": {
            "epoch": [
               0,
               1,
               2
            ],
            "train_loss": [
               10.12002,
               4.80463,
               2.59569
            ],
            "train_acc": [
               0.50781,
               0.53125,
               0.52344
            ]
         },
         "test": {
            "test_loss": 322.08778,
            "test_acc": 0.46875
         }
      },
      {
         "client_url": "5002",
         "round": 1,
         "train": {
            "epoch": [
               0,
               1,
               2
            ],
            "train_loss": [
               5.00321,
               1.48104,
               1.1591
            ],
            "train_acc": [
               0.53125,
               0.51562,
               0.42188
            ]
         },
         "test": {
            "test_loss": 3151.42017,
            "test_acc": 0.46875
         }
      },
      {
         "client_url": "5002",
         "round": 2,