{
   "5001": [
      {
         "client_url": "5001",
         "round": 0,
         "train": {
            "epoch": [
               0,
               1,
               2,
               3
            ],
            "train_loss": [
               21.65934,
               20.1869,
               17.76163,
               5.99761
            ],
            "train_acc": [
               0.61146,
               0.51146,
               0.53646,
               0.54167
            ]
         },
         "test": {
            "test_loss": 8042.73031,
            "test_acc": 0.4871
         }
      }
   ]
}
