{
   "5001": [
      {
         "client_url": "5001",
         "round": 0,
         "train": {
            "epoch": [
               0,
               1,
               2,
               3
            ],
            "train_loss": [
               17.05184,
               9.9904,
               4.71633,
               1.93061
            ],
            "train_acc": [
               0.52812,
               0.5375,
               0.49479,
               0.46042
            ]
         },
         "test": {
            "test_loss": 2634.07381,
            "test_acc": 0.52927
         }
      }
   ]
}
