{
   "5001": [
      {
         "client_url": "5001",
         "round": 0,
         "train": {
            "epoch": [
               0,
               1
            ],
            "train_loss": [
               2.63516,
               1.31315
            ],
            "train_acc": [
               0.54896,
               0.55417
            ]
         },
         "test": {
            "test_loss": 13.73375,
            "test_acc": 0.50794
         }
      }
   ]
}
